folio,proveedor,cliente,vehiculo,destino,fecha_envio,hora_carga,prioridad,precio_flete,importe_otros,importe_agregados,importe_total,flete,maniobras_y_otros,mes
E001333,Albornos,Liverpool,Camioneta,Jilotepec,2026-01-02,08:00,1,10000,0,0,10000,10000,0,ene
E001334,Albornos,Arabela,Torthon,Toluca,2026-01-01,14:00,2,12100,4400,0,16500,12100,4400,ene
E001335,Albornos,Parisina,Torthon,Toluca,2026-01-02,14:00,1,12500,4400,0,16900,12500,4400,ene
E001337,Albornos,Casa Ley,Camioneta,Culiacan,2026-01-03,15:00,4,60000,0,0,60000,60000,0,ene
E001339,Albornos,ALFREDO GALARZA HERNANDEZ,Torton,Ixmiquilpa,2026-01-03,15:00,3,12000,5500,0,17500,12000,5500,ene
E001340,Albornos,Suburbia,Torton,Jilotepec,2026-01-05,12:00,1,11000,9570,0,20570,11000,9570,ene
E001341,Paqmex,Merco,Paqueteria,Apodaca,2026-01-05,13:00,2,4363.6,0,0,4363.6,4363.6,0,ene
E001342,Albornos,Chedraui,Trailer,Zumpango,2026-01-05,17:00,3,15000,0,0,15000,15000,0,ene
E001343,Fletexpress,Walmart,Mudancero,Cuautitlan,2026-01-03,12:00,1,14000,14736,0,28736,14000,14736,ene
E001345,Albornos,Soriana,Torton,Queretaro,2026-01-06,16:00,3,12100,0,0,12100,12100,0,ene
E001346,Gonzalez,Chedraui,Trailer,Zumpango,2026-01-06,09:00,1,12000,0,0,12000,12000,0,ene
E001348,Gonzalez,Walmart,Trailer,Cuautitlan,2026-01-07,09:00,1,15000,2800,0,17800,15000,2800,ene
E001349,SDL,OPERADORA FUTURAMA,Torthon,Iztapalapa,2026-01-07,14:00,2,8800,14600,0,23400,8800,14600,ene
E001350,SDL,Walmart,Torthon,Cuautitlan,2026-01-06,14:00,2,8780,17360,0,26140,8780,17360,ene
E001351,Albornos,Soriana,Camioneta,Tultitlan,2026-01-03,16:00,5,7370,1760,0,9130,7370,1760,ene
E001352,Albornos,LA PALESTINA,Torton,Toluca,2026-01-08,16:00,2,12100,4500,0,16600,12100,4500,ene
E001353,Albornos,Soriana,Camioneta,Tultitlan,2026-01-08,17:00,2,7370,2200,0,9570,7370,2200,ene
E001354,Albornos,City Fresko,Camioneta,Vallejo,2026-01-09,10:00,1,7370,0,0,7370,7370,0,ene
E001356,SDL,Parisina,Torthon,Toluca,2026-01-09,12:00,2,11200,6300,0,17500,11200,6300,ene
E001359,Gonzalez,Chedraui,Trailer,Zumpango,2026-01-09,16:00,4,12000,0,0,12000,12000,0,ene
E001360,Albornos,Soriana,Torton,Queretaro,2026-01-09,15:00,3,12100,0,0,12100,12100,0,ene
E001361,SDL,Muestras,Camioneta,Of Mex,2026-01-09,12:00,2,3136,0,0,3136,3136,0,ene
E001362,SDL,Walmart,Torthon,Cuautitlan,2026-01-10,08:00,1,8780,1600,0,10380,8780,1600,ene
E001363,Gonzalez,Chedraui,Trailer,Zumpango,2026-01-10,10:00,2,12000,0,0,12000,12000,0,ene
E001364,Albornos,Arabela,Torthon,Toluca,2026-01-10,12:30,4,12100,4400,0,16500,12100,4400,ene
E001366,Fletexpress,Hoteleria QRoo,Consolidad,QuintanaRo,2026-01-10,13:30,5,66401,0,0,66401,66401,0,ene
E001367,Express,Viaje Local,Automovil,Puebla,2026-01-06,12:00,3,600,0,0,600,600,0,ene
E001368,SDL,Suburbia,Camioneta,Jilotepec,2026-01-12,09:00,1,10000,0,0,10000,10000,0,ene
E001369,Gonzalez,Chedraui,Trailer,Zumpango,2026-01-12,12:00,2,12000,0,0,12000,12000,0,ene
E001373,Albornos,Liverpool,Camioneta,Jilotepec,2026-01-14,11:00,1,8000,0,0,8000,8000,0,ene
E001374,SDL,Walmart,Camioneta,Cuautitlan,2026-01-14,14:00,2,7460,9200,0,16660,7460,9200,ene
E001375,Albornos,Soriana,Torton,Queretaro,2026-01-15,16:00,3,12100,0,0,12100,12100,0,ene
E001376,Albornos,Soriana,Camioneta,Tultitlan,2026-01-15,14:00,1,7370,2200,0,9570,7370,2200,ene
E001378,Albornos,LA PALESTINA,Torton,Toluca,2026-01-14,16:00,3,13200,4400,0,17600,13200,4400,ene
E001379,SDL,WALMART,Torthon,CHALCO,2026-01-12,14:00,1,8800,10800,0,19600,8800,10800,ene
E001380,Albornos,City Fresko,Torton,Vallejo,2026-01-16,09:00,1,8800,0,0,8800,8800,0,ene
E001382,FedEx,Almoda,Paqueteria,Jalisco,2026-01-16,16:00,3,1,0,0,0,1,0,ene
E001383,SDL,Suburbia,Torthon,Jilotepec,2026-01-15,15:30,1,12000,13360,0,25360,12000,13360,ene
E001384,Gonzalez,Chedraui,Trailer,Zumpango,2026-01-17,16:00,1,12000,0,0,12000,12000,0,ene
E001385,Fletexpress,Hoteleria QRoo,Consolidad,QuintanaRo,2026-01-19,08:00,1,66401,0,0,66401,66401,0,ene
E001386,SDL,GUADALUPE Salloum,Torthon,Centro CDM,2026-01-16,17:00,2,8780,18200,0,26980,8780,18200,ene
E001388,Albornos,LA PALESTINA,Torton,Toluca,2026-01-19,15:00,4,13200,4400,0,17600,13200,4400,ene
E001390,Albornos,Viaje Local,Camioneta,Puebla,2026-01-19,12:00,3,4000,4000,0,8000,4000,4000,ene
E001391,Express,Varios,Camioneta,Puebla,2026-01-19,12:30,4,1600,0,0,1600,1600,0,ene
E001392,Albornos,Casa Ley,Camioneta,Culiacan,2026-01-19,14:00,5,60000,0,0,60000,60000,0,ene
E001393,SDL,Walmart,Torthon,Sta Barbar,2026-01-19,16:00,6,8789,9960,0,18749,8789,9960,ene
E001396,SDL,Muestras,Automovil,Of Mex,2026-01-19,15:00,5,500,0,0,500,500,0,ene
E001397,Albornos,Higienica Textil,Torton,Naucalpan,2026-01-20,08:00,1,8800,4400,0,13200,8800,4400,ene
E001399,Albornos,OPERADORA FUTURAMA,Camioneta,Iztapalapa,2026-01-21,12:00,2,7370,2200,0,9570,7370,2200,ene
E001400,Albornos,Chedraui,Camioneta,Zumpango,2026-01-21,14:00,3,7370,0,0,7370,7370,0,ene
E001401,SDL,WALMART,Torthon,CHALCO,2026-01-20,14:00,2,8800,20500,0,29300,8800,20500,ene
E001402,SDL,Walmart,Torthon,Cuautitlan,2026-01-21,09:00,1,8780,2000,0,10780,8780,2000,ene
E001404,Gonzalez,LA PALESTINA,Trailer,Toluca,2026-01-22,13:00,1,15000,4400,0,19400,15000,4400,ene
E001407,Gonzalez,Chedraui,Trailer,Zumpango,2026-01-23,08:00,1,12000,0,0,12000,12000,0,ene
E001408,Albornos,Castelog,Trailer,Bajio,2026-01-22,17:00,2,27200,5500,0,32700,27200,5500,ene
E001409,Gonzalez,Chedraui,Trailer,Zumpango,2026-01-23,15:00,3,12000,0,0,12000,12000,0,ene
E001410,SDL,Walmart,Camioneta,Cuautitlan,2026-01-23,13:00,2,7460,2500,0,9960,7460,2500,ene
E001412,Albornos,Soriana,Torton,Queretaro,2026-01-24,13:00,4,12100,0,0,12100,12100,0,ene
E001413,Albornos,Soriana,Camioneta,Tultitlan,2026-01-24,10:00,2,7370,2200,0,9570,7370,2200,ene
E001414,Gonzalez,Chedraui,Trailer,Zumpango,2026-01-24,15:00,5,12000,0,0,12000,12000,0,ene
E001415,Gonzalez,Chedraui,Trailer,Zumpango,2026-01-24,18:00,6,12000,0,0,12000,12000,0,ene
E001416,SDL,Walmart,Torthon,Cuautitlan,2026-01-24,11:00,3,8780,11600,0,20380,8780,11600,ene
E001418,Express,Varios,Camioneta,Puebla,2026-01-26,11:00,1,6000,3000,0,9000,6000,3000,ene
E001419,Gonzalez,Higienica Textil,Torton,Naucalpan,2026-01-24,14:00,1,9500,0,4500,14000,9500,4500,ene
E001420,SDL,Walmart,Torthon,Cuautitlan,2026-01-26,15:00,2,8780,15300,0,24080,8780,15300,ene
E001421,Albornos,OPERADORA FUTURAMA,Camioneta,Iztapalapa,2026-01-27,10:00,1,7370,2200,0,9570,7370,2200,ene
E001423,Albornos,Suburbia,Torton,Jilotepec,2026-01-27,17:00,3,11000,0,0,11000,11000,0,ene
E001425,Gonzalez,LA PALESTINA,Trailer,Toluca,2026-01-28,09:00,1,15000,7700,0,22700,15000,7700,ene
E001426,SDL,Suburbia,Torthon,Jilotepec,2026-01-27,15:00,0,12000,5636,0,17636,12000,5636,ene
E001427,Albornos,Liverpool,Camioneta,Jilotepec,2026-01-29,15:00,1,10000,0,0,10000,10000,0,ene
E001429,Propios,Towell,Propios,Towell,2026-01-29,01:00,3,1,0,0,0,1,0,ene
E001431,Albornos,City Fresko,Camioneta,Vallejo,2026-01-30,10:00,1,7370,0,0,7370,7370,0,ene
E001432,Albornos,Casa Ley,1.5 Camion,Culiacan,2026-01-30,12:00,2,37400,0,0,37400,37400,0,ene
E001434,Gonzalez,Chedraui,Trailer,Zumpango,2026-01-31,08:00,1,12000,0,0,12000,12000,0,ene
E001435,Albornos,Suburbia,Camioneta,Jilotepec,2026-01-31,12:00,3,10000,0,0,10000,10000,0,ene
E001437,Albornos,GUADALUPE Salloum,Torton,Centro CDM,2026-01-29,12:00,1,8800,5500,0,14300,8800,5500,ene
E001438,Fletexpress,Hoteleria QRoo,Consolidad,QuintanaRo,2026-01-31,14:00,4,106201,0,0,106201,106201,0,ene
E001440,SDL,OPERADORA FUTURAMA,Torthon,Iztapalapa,2026-01-31,08:00,1,8800,11060,0,19860,8800,11060,ene
E001441,Express,Walmart,Torthon,Peñon de l,2026-02-03,15:00,2,9000,1600,0,10600,9000,1600,feb
E001442,SDL,Walmart,Camioneta,Cuautitlan,2026-02-03,11:00,1,7460,1200,0,8660,7460,1200,feb
E001443,SDL,Walmart,Torthon,Cuautitlan,2026-02-04,16:00,3,8780,11700,0,20480,8780,11700,feb
E001444,Albornos,Soriana,Camioneta,Tultitlan,2026-02-04,09:00,1,7370,1100,0,8470,7370,1100,feb
E001445,Gonzalez,Chedraui,Trailer,Zumpango,2026-02-04,11:00,2,12000,0,0,12000,12000,0,feb
E001446,SDL,Muestras,Automovil,Of Mex,2026-02-03,11:00,2,500,0,0,500,500,0,feb
E001448,Albornos,Avon,Camioneta,Celaya,2026-02-04,08:00,4,12000,3000,0,15000,12000,3000,feb
E001449,SDL,Walmart,Torthon,Cuautitlan,2026-02-05,13:00,3,8780,6236,0,15016,8780,6236,feb
E001450,Gonzalez,Dart,Trailer,Toluca,2026-02-05,08:00,1,15000,6600,0,21600,15000,6600,feb
E001451,Albornos,Liverpool,Camioneta,Jilotepec,2026-02-05,15:00,4,10000,0,0,10000,10000,0,feb
E001452,Albornos,Soriana,Torton,Queretaro,2026-02-05,10:00,2,12100,0,0,12100,12100,0,feb
E001454,SDL,Muestras Torrubio,Camioneta,Chimalhuac,2026-02-04,16:00,5,3136,0,0,3136,3136,0,feb
E001455,SDL,Parisina,Torthon,Toluca,2026-02-06,15:00,1,11200,1500,0,12700,11200,1500,feb
E001456,SDL,Walmart,Camioneta,Cuautitlan,2026-02-07,13:00,2,7460,6460,0,13920,7460,6460,feb
E001457,Albornos,Higienica Textil,Torton,Naucalpan,2026-02-07,12:00,1,8800,4400,0,13200,8800,4400,feb
E001458,Gonzalez,Walmart,Trailer,Cuautitlan,2026-02-09,09:00,1,15000,2000,0,17000,15000,2000,feb
E001459,Albornos,Avon,Camioneta,Celaya,2026-02-09,11:00,2,22000,4000,0,26000,22000,4000,feb
E001461,SDL,DSW,Torthon,Tultitlan,2026-02-09,14:00,3,8789,2500,0,11289,8789,2500,feb
E001463,Albornos,Walmart,Torton,Cuautitlan,2026-02-10,12:00,3,8800,1600,0,10400,8800,1600,feb
E001464,Portia,Scentia Perfumeria,Trailer Ex,Chiapas,2026-02-10,08:00,1,70000,0,0,70000,70000,0,feb
E001465,SDL,Walmart,Torthon,Cuautitlan,2026-02-11,13:00,1,8780,21960,0,30740,8780,21960,feb
E001466,Gonzalez,Chedraui,Trailer,Zumpango,2026-02-11,14:00,2,12000,0,0,12000,12000,0,feb
E001467,SDL,WALMART,Torthon,CHALCO,2026-02-10,14:00,3,8800,1600,0,10400,8800,1600,feb
E001468,Gonzalez,HEB,Trailer,Cuautitlan,2026-02-12,09:00,1,15000,5500,0,20500,15000,5500,feb
E001469,Gonzalez,Chedraui,Trailer,Zumpango,2026-02-12,17:00,2,12000,0,0,12000,12000,0,feb
E001470,SDL,Parisina,Camioneta,Toluca,2026-02-13,14:00,1,7770,2000,0,9770,7770,2000,feb
E001471,Albornos,Soriana,Torton,Queretaro,2026-02-14,13:00,3,12100,0,0,12100,12100,0,feb
E001472,Albornos,Soriana,Camioneta,Tultitlan,2026-02-14,13:30,4,7370,2200,0,9570,7370,2200,feb
E001473,SDL,Suburbia,Camioneta,Jilotepec,2026-02-14,15:00,5,10000,0,0,10000,10000,0,feb
E001474,SDL,Walmart,Torthon,Cuautitlan,2026-02-14,16:00,6,8780,5400,0,14180,8780,5400,feb
E001476,AVON GT,AVON,Propios,GUATEMALA,2026-02-14,08:00,1,1,0,0,0,1,0,feb
E001477,AVON GT,AVON,Propios,GUATEMALA,2026-02-14,11:00,2,1,0,0,0,1,0,feb
E001478,Albornos,City Fresko,Camioneta,Vallejo,2026-02-16,10:00,1,7370,0,0,7370,7370,0,feb
E001480,SDL,Walmart,Camioneta,Cuautitlan,2026-02-16,12:00,2,7460,3700,0,11160,7460,3700,feb
E001481,Gonzalez,Chedraui,Trailer,Zumpango,2026-02-17,11:00,1,12000,0,0,12000,12000,0,feb
E001484,Gonzalez,LA PALESTINA,Trailer,Toluca,2026-02-16,13:00,2,15000,7700,0,22700,15000,7700,feb
E001485,Albornos,LA PALESTINA,Torton,Toluca,2026-02-17,16:00,2,13200,4400,0,17600,13200,4400,feb
E001486,SDL,WALMART,Torthon,CHALCO,2026-02-18,12:00,1,8800,14660,0,23460,8800,14660,feb
E001487,AVON GT,AVON,Propios,GUATEMALA,2026-02-18,16:00,2,1,0,0,0,1,0,feb
E001488,Propios,Towell,Propios,Towell,2026-02-19,11:00,1,1,0,0,0,1,0,feb
E001489,SDL,Walmart,Torthon,Cuautitlan,2026-02-19,13:00,2,8780,9700,0,18480,8780,9700,feb
E001490,Albornos,Suburbia,Camioneta,Jilotepec,2026-02-20,08:00,1,10000,0,0,10000,10000,0,feb
E001492,SDL,Parisina,Torthon,Toluca,2026-02-20,14:00,2,11200,1600,0,12800,11200,1600,feb
E001493,Gonzalez,Chedraui,Trailer,Zumpango,2026-02-21,18:00,5,12000,0,0,12000,12000,0,feb
E001494,Albornos,GUADALUPE Salloum,Torton,Centro CDM,2026-02-20,14:00,3,8800,5500,0,14300,8800,5500,feb
E001495,Albornos,Soriana,Torton,Queretaro,2026-02-21,11:00,2,12100,0,0,12100,12100,0,feb
E001496,Gonzalez,Walmart,Trailer,Cuautitlan,2026-02-21,10:00,1,15000,4200,0,19200,15000,4200,feb
E001498,Albornos,DSW,Camioneta,Tultitlan,2026-02-23,09:00,2,7370,0,0,7370,7370,0,feb
E001499,Albornos,Suburbia,Torton,Jilotepec,2026-02-23,08:00,1,11000,0,0,11000,11000,0,feb
E001500,Albornos,Walmart,Camioneta,Cuautitlan,2026-02-23,10:00,3,7370,4900,0,12270,7370,4900,feb
E001501,Gonzalez,Higienica Textil,Torton,Naucalpan,2026-02-23,12:00,4,9500,4400,0,13900,9500,4400,feb
E001502,Gonzalez,Walmart,Torton,Cuautitlan,2026-02-23,14:00,5,12000,3500,0,15500,12000,3500,feb
E001504,Paqmex,Merco,Paqueteria,Apodaca,2026-02-24,11:00,3,5722.19,0,0,5722.19,5722.19,0,feb
E001505,Albornos,Soriana,Camioneta,Tultitlan,2026-02-24,10:00,2,7370,2200,0,9570,7370,2200,feb
E001506,Albornos,Walmart,Camioneta,Cuautitlan,2026-02-24,09:00,1,7370,2800,0,10170,7370,2800,feb
E001507,Gonzalez,Chedraui,Trailer,Zumpango,2026-02-24,12:00,4,12000,0,0,12000,12000,0,feb
E001509,Albornos,Walmart,Torton,Chalco,2026-02-24,15:00,5,8800,3500,0,12300,8800,3500,feb
E001510,Propios,Towell,Propios,Towell,2026-02-23,17:00,7,1,0,0,0,1,0,feb
E001511,Fletexpress,Hoteleria QRoo,Consolidad,QuintanaRo,2026-02-23,17:00,6,90001,0,0,90001,90001,0,feb
E001512,Express,Varios,Camioneta,Puebla,2026-02-24,07:00,7,1600,600,5721.19,7921.19,1600,6321.19,feb
E001513,Albornos,OPERADORA FUTURAMA,Camioneta,Iztapalapa,2026-02-25,09:00,1,7370,1100,0,8470,7370,1100,feb
E001514,Albornos,Liverpool,Torton,Jilotepec,2026-02-25,15:00,5,11000,0,0,11000,11000,0,feb
E001515,Albornos,Liverpool,Camioneta,Jilotepec,2026-02-26,08:00,1,8000,0,0,8000,8000,0,feb
E001516,Gonzalez,Walmart,Torton,Cuautitlan,2026-02-25,12:00,3,12000,3500,0,15500,12000,3500,feb
E001517,Gonzalez,Walmart,Trailer,Cuautitlan,2026-02-25,13:00,4,15000,3500,0,18500,15000,3500,feb
E001518,AVON GT,AVON,Propios,GUATEMALA,2026-02-25,17:00,6,1,0,0,0,1,0,feb
E001519,Gonzalez,Walmart,Camioneta,Sta Barbar,2026-02-25,11:00,2,8000,2800,0,10800,8000,2800,feb
E001520,Gonzalez,Suburbia,Torthon,Jilotepec,2026-02-26,15:00,1,13000,0,0,13000,13000,0,feb
E001521,Albornos,Suburbia,Camioneta,Jilotepec,2026-02-26,15:00,1,10000,0,0,10000,10000,0,feb
E001522,Albornos,DSW,Camioneta,Tultitlan,2026-02-26,15:00,1,7370,0,0,7370,7370,0,feb
E001523,Albornos,City Fresko,Camioneta,Vallejo,2026-02-25,15:00,1,7370,0,0,7370,7370,0,feb
E001524,Gonzalez,Chedraui,Trailer,Zumpango,2026-02-24,18:00,7,12000,0,0,12000,12000,0,feb
E001525,Express,Varios,Camioneta,Puebla,2026-02-26,14:30,6,2000,1000,0,3000,2000,1000,feb
E001526,Gonzalez,Dart,Trailer,Toluca,2026-02-26,17:00,6,15000,6600,0,21600,15000,6600,feb
E001527,Express,Varios,Camioneta,Puebla,2026-02-27,10:30,1,6000,3000,0,9000,6000,3000,feb
E001530,Albornos,Walmart,Camioneta,Cuautitlan,2026-02-28,12:00,4,7370,3500,0,10870,7370,3500,feb
E001531,Albornos,Casa Ley,1.5 Camion,Culiacan,2026-02-28,11:00,3,37400,0,0,37400,37400,0,feb
E001532,Gonzalez,Higienica Textil,Trailer,Naucalpan,2026-02-27,18:00,2,15000,5625,0,20625,15000,5625,feb
E001533,AVON GT,AVON,Propios,GUATEMALA,2026-02-28,08:00,1,1,0,0,0,1,0,feb
E001534,Albornos,GUADALUPE Salloum,Torton,Centro CDM,2026-02-28,10:00,1,8800,6000,0,14800,8800,6000,feb
E001535,Albornos,DSW,Camioneta,Tultitlan,2026-03-02,14:00,3,7370,0,0,7370,7370,0,mar
E001536,EA,Walmart,Camioneta,Cuautitlan,2026-03-02,15:00,4,7700,2800,0,10500,7700,2800,mar
E001537,Express,Varios,Camioneta,Puebla,2026-03-02,10:30,2,2000,1000,0,3000,2000,1000,mar
E001538,Gonzalez,Prod. Max,Torthon,Iztapalapa,2026-03-01,10:00,1,9500,4400,13900,27800,9500,18300,mar
E001539,Gonzalez,Walmart,Trailer,Cuautitlan,2026-02-28,14:00,3,15000,3500,0,18500,15000,3500,feb
E001540,Gonzalez,Chedraui,Trailer,Zumpango,2026-03-03,10:00,1,12000,0,0,12000,12000,0,mar
E001541,Albornos,Walmart,Camioneta,Chalco,2026-03-03,12:00,2,7370,3500,0,10870,7370,3500,mar
E001542,Albornos,Walmart,Camioneta,Cuautitlan,2026-03-03,13:00,3,7370,3500,0,10870,7370,3500,mar
E001543,EA,Walmart,Cmaioneta,Sta Barbar,2026-03-03,14:00,4,7370,2800,0,10170,7370,2800,mar
E001544,Gonzalez,GUADALUPE Salloum,Torton,CDMX,2026-03-02,02:00,4,8000,7000,0,15000,8000,7000,mar
E001545,Albornos,Walmart,Camioneta,Chalco,2026-03-04,10:00,1,7370,2800,0,10170,7370,2800,mar
E001546,EA,Walmart,Camioneta,Sta Barbar,2026-03-04,13:00,3,8000,3500,0,11500,8000,3500,mar
E001547,Albornos,Suburbia,Camioneta,Jilotepec,2026-03-04,14:00,3,8000,0,0,8000,8000,0,mar
E001548,Albornos,Productora Max,Torton,Iztapalapa,2026-03-04,13:00,4,8800,4400,0,13200,8800,4400,mar
E001549,Gonzalez,LA PALESTINA,Trailer,Toluca,2026-03-05,12:00,3,15000,7700,0,22700,15000,7700,mar
E001550,Gonzalez,Chedraui,Camioneta,Zumpango,2026-03-05,09:00,1,8000,0,0,8000,8000,0,mar
E001551,EA,Walmart,Camioneta,Sta Barbar,2026-03-05,10:00,2,7370,12970,0,20340,7370,12970,mar
E001552,Albornos,Suburbia,Camioneta,Jilotepec,2026-03-05,12:00,4,10000,0,0,10000,10000,0,mar
E001553,Fletexpress,Hoteleria QRoo,Consolidad,QuintanaRo,2026-03-05,15:00,5,35001,0,0,35001,35001,0,mar
E001554,Albornos,HEB,Camioneta,Cuautitlan,2026-03-04,18:00,6,7370,2200,0,9570,7370,2200,mar
E001555,EA,Parisina,Camioneta,Toluca,2026-03-06,14:00,3,10500,4400,0,14900,10500,4400,mar
E001556,Albornos,Walmart,Torton,Chalco,2026-03-06,12:00,1,8800,3500,0,12300,8800,3500,mar
E001557,Albornos,Walmart,Camioneta,Sta Barbar,2026-03-06,15:00,3,7370,3500,0,10870,7370,3500,mar
E001558,Gonzalez,Chedraui,Trailer,Zumpango,2026-03-06,18:00,4,12000,0,0,12000,12000,0,mar
E001559,Gonzalez,Chedraui,Trailer,Zumpango,2026-03-07,13:00,4,12000,0,0,12000,12000,0,mar
E001560,Gonzalez,Walmart,Trailer,Cuautitlan,2026-03-07,12:00,3,15000,4200,0,19200,15000,4200,mar
E001561,Albornos,Walmart,Camioneta,Sta Barbar,2026-03-07,09:00,1,7370,3500,0,10870,7370,3500,mar
E001562,Albornos,Soriana,Torton,Queretaro,2026-03-07,10:00,2,15000,0,0,15000,15000,0,mar
E001563,Gonzalez,Chedraui,Trailer,Zumpango,2026-03-07,18:00,5,12000,0,0,12000,12000,0,mar
E001564,Albornos,DSW,Camioneta,Tultitlan,2026-03-09,11:00,2,7370,0,0,7370,7370,0,mar
E001565,EA,Suburbia,Camioneta,Jilotepec,2026-03-09,12:00,5,9500,0,0,9500,9500,0,mar
E001566,Albornos,Soriana,Camioneta,Tultitlan,2026-03-09,09:00,1,7370,2200,0,9570,7370,2200,mar
E001567,Albornos,Walmart,Camioneta,Cuautitlan,2026-03-09,12:00,4,7370,2800,0,10170,7370,2800,mar
E001568,Gonzalez,Chedraui,Trailer,Zumpango,2026-03-09,12:00,3,12000,0,0,12000,12000,0,mar
E001569,Albornos,HEB,Torthon,Cuautitlan,2026-03-09,12:00,6,8800,4400,0,13200,8800,4400,mar
E001570,Propios,Towell,Propios,Towell,2026-03-09,17:00,7,1,0,0,0,1,0,mar
E001572,Albornos,GUADALUPE Salloum,Torton,Centro CDM,2026-03-10,09:00,1,9300,8800,0,18100,9300,8800,mar
E001573,EA,Walmart,Camioneta,Cuautitlan,2026-03-10,10:00,2,7700,2400,0,10100,7700,2400,mar
E001574,EA,Walmart,Camioneta,Cuautitlan,2026-03-10,13:00,3,8000,3500,0,11500,8000,3500,mar
E001575,Albornos,Walmart,Camioneta,Chalco,2026-03-10,15:00,4,7370,3500,0,10870,7370,3500,mar
E001576,Gonzalez,Sears,Trailer,Silao,2026-03-10,17:00,5,29000,5500,0,34500,29000,5500,mar
E001577,Gonzalez,Sears,Trailer,Vallejo,2026-03-10,17:00,6,15000,5500,0,20500,15000,5500,mar
E001578,Albornos,OPERADORA FUTURAMA,Camioneta,Iztapalapa,2026-03-11,09:00,1,7370,2200,0,9570,7370,2200,mar
E001579,Albornos,Suburbia,Camioneta,Jilotepec,2026-03-11,09:00,1,8000,0,0,8000,8000,0,mar
E001580,Albornos,TupperWare,Camioneta,Toluca,2026-03-11,09:00,1,13000,3300,0,16300,13000,3300,mar
E001581,EA,Walmart,Camioneta,Sta Barbar,2026-03-11,09:00,1,8000,3500,0,11500,8000,3500,mar
E001583,EA,Walmart,Camioneta,Sta Barbar,2026-03-11,09:00,1,7370,2500,0,9870,7370,2500,mar
E001584,Albornos,Walmart,Camioneta,Chalco,2026-03-11,09:00,1,7370,2500,0,9870,7370,2500,mar
E001585,Albornos,Walmart,Camioneta,Sta Barbar,2026-03-11,09:00,1,7370,2500,0,9870,7370,2500,mar
E001586,Gonzalez,Higienica Textil,Torton,Naucalpan,2026-03-11,08:00,1,9500,4400,0,13900,9500,4400,mar
E001588,EA,Walmart,Camioneta,Cuautitlan,2026-03-11,14:00,5,8000,3500,0,11500,8000,3500,mar
E001589,Express,Varios,Camioneta,Puebla,2026-03-11,12:00,2,6000,3000,0,9000,6000,3000,mar
E001590,Albornos,Soriana,Camioneta,Tultitlan,2026-03-12,12:00,2,7370,2200,0,9570,7370,2200,mar
E001591,Propios,Towell,Propios,Towell,2026-03-12,11:30,1,1,0,0,0,1,0,mar
E001592,Albornos,Parisina,Torthon,Toluca,2026-03-13,11:30,2,13200,4400,0,17600,13200,4400,mar
E001593,Albornos,City Fresko,Camioneta,Vallejo,2026-03-13,09:00,1,7370,0,0,7370,7370,0,mar
E001594,EA,Walmart,Camioneta,Cuautitlan,2026-03-13,13:00,3,8000,3500,0,11500,8000,3500,mar
E001595,Propios,Towell,Propios,Towell,2026-03-13,15:00,4,1,0,0,0,1,0,mar
E001596,EA,Clientes Varios,Camioneta,Chimalhuac,2026-03-13,15:00,4,4000,0,0,4000,4000,0,mar
E001597,Gonzalez,Chedraui,Trailer,Zumpango,2026-03-14,08:00,1,12000,0,0,12000,12000,0,mar
E001599,Gonzalez,Walmart,Trailer,Cuautitlan,2026-03-14,16:00,4,15000,4200,0,19200,15000,4200,mar
E001600,Albornos,DSW,Camioneta,Tultitlan,2026-03-14,10:00,3,7370,0,0,7370,7370,0,mar
E001601,Albornos,Walmart,Torton,Chalco,2026-03-17,15:00,2,8800,3500,0,12300,8800,3500,mar
E001602,Gonzalez,Chedraui,Trailer,Zumpango,2026-03-14,15:00,3,12000,0,0,12000,12000,0,mar
E001603,EA,Walmart,Camioneta,Cuautitlan,2026-03-17,15:30,3,8000,3500,0,11500,8000,3500,mar
E001604,EA,Walmart,Camioneta,Cuautitlan,2026-03-17,08:00,1,8000,2500,0,10500,8000,2500,mar
E001606,Gonzalez,Soriana,Trailer,Queretaro,2026-03-18,08:00,1,17000,0,0,17000,17000,0,mar
E001607,EA,WALMART,CAMIONETA,CUAUTITLAN,2026-03-18,17:00,7,7800,0,0,7800,7800,0,mar
E001608,EA,WALMART,CAMIONETA,CUAUTITLAN,2026-03-18,17:00,6,7800,0,0,7800,7800,0,mar
E001609,EA,WALMART,CAMIONETA,CUAUTITLAN,2026-03-18,15:00,5,7800,0,0,7800,7800,0,mar
E001610,Albornos,WALMART,CAMIONETA,STA BARBAR,2026-03-18,14:00,4,7700,0,0,7700,7700,0,mar
E001611,Albornos,WALMART,CAMIONETA,CHALCO,2026-03-18,13:00,3,7700,0,0,7700,7700,0,mar
E001615,Express,RAYA DOM,Camioneta,LOCAL,2026-03-18,14:00,8,6000,5000,0,11000,6000,5000,mar
E001616,Towell,LOCAL,CAMIONETA,PUEBLA,2026-03-17,11:00,4,1,0,0,0,1,0,mar
E001617,ALBORNOS,LIVERPOOL,CAMIONETA,JILOTEPEC,2026-03-19,13:00,3,11000,0,0,11000,11000,0,mar
E001618,ALBORNOS,SUBURBIA,CAMIONETA,JILOTEPEC,2026-03-19,15:00,4,10000,0,0,10000,10000,0,mar
E001619,ALBORNOS,GUADALUPE Salloum,TORTON,CENTRO CDM,2026-03-19,10:00,2,9300,0,0,9300,9300,0,mar
E001621,PAQMEX,MERCO,1.5 CAMION,APODACA,2026-03-19,16:00,5,4845.02,0,0,4845.02,4845.02,0,mar
E001622,FLETEXPRESS,HOTELERIA QROO,CONSOLIDAD,QUINTANARO,2026-03-18,18:00,7,56000,10400,0,66400,56000,10400,mar
E001623,GONZALEZ,CHEDRAUI,TRAILER,ZUMPANGO,2026-03-19,14:00,4,12000,0,0,12000,12000,0,mar
E001624,GONZALEZ,CHEDRAUI,TRAILER,ZUMPANGO,2026-03-19,18:00,4,12000,0,0,12000,12000,0,mar
E001625,Albornos,MUESTRAS,CAMIONETA,OF MEX,2026-03-19,10:00,2,500,0,0,500,500,0,mar
E001626,EXPRESS,VARIOS,CAMIONETA,PUEBLA,2026-03-20,11:00,1,6000,0,3000,9000,6000,3000,mar
E001627,EA,CLIENTES VARIOS,Camioneta,CHIMALHUAC,2026-03-20,16:00,4,7800,0,0,7800,7800,0,mar
E001628,ALBORNOS,WALMART,TORTON,CUAUTITLAN,2026-03-21,11:00,2,8800,0,3360,12160,8800,3360,mar
E001629,EXPRESS,VARIOS,CAMIONETA,PUEBLA,2026-03-21,10:00,1,6000,0,0,6000,6000,0,mar
E001630,EA,WALMART,CAMIONETA,CUAUTITLAN,2026-03-21,12:00,3,7800,0,0,7800,7800,0,mar
E001631,EA,PARISINA,CAMIONETA,TOLUCA,2026-03-20,12:00,1,10500,0,0,10500,10500,0,mar
E001632,FEDEX,ALMODA,TRAILER,JALISCO,2026-03-20,18:00,5,1,0,0,0,1,0,mar
E001633,Gonzalez,HIGIENICA TEXTIL,TRAILER,NAUCALPAN,2026-03-20,14:00,2,15000,0,12225,27225,15000,12225,mar
E001634,Albornos,SUBURBIA,CAMIONETA,JILOTEPEC,2026-03-23,13:00,2,8000,0,0,8000,8000,0,mar
E001635,ALBORNOS,WALMART,CAMIONETA,CUAUTITLAN,2026-03-23,13:00,1,7800,0,0,7800,7800,0,mar
E001636,EA,SUBURBIA,CAMIONETA,JILOTEPEC,2026-03-23,15:00,3,10000,0,0,10000,10000,0,mar
E001637,Albornos,Banorte,Torthon,CDMX,2026-03-23,08:00,1,8800,0,17600,26400,8800,17600,mar
E001638,Albornos,WALMART,CAMIONETA,CUAUTITLAN,2026-03-24,09:00,1,7700,0,0,7700,7700,0,mar
E001639,Albornos,SUBURBIA,CAMIONETA,JILOTEPEC,2026-03-24,12:00,2,8000,0,0,8000,8000,0,mar
E001640,EA,WALMART,CAMIONETA,CHALCO,2026-03-24,13:00,3,7800,0,0,7800,7800,0,mar
E001641,EA,SUBURBIA,CAMIONETA,JILOTEPEC,2026-03-24,17:00,6,10000,0,0,10000,10000,0,mar
E001642,Gonzalez,Soriana,Trailer,Queretaro,2026-03-24,18:00,4,17000,0,0,17000,17000,0,mar
E001643,ALBORNOS,SORIANA,TORTON,TULTITLAN,2026-03-24,19:00,6,8800,0,0,8800,8800,0,mar
E001644,Cliente recoge,Propios,cliente re,Local,2026-03-21,12:00,8,1,0,0,0,1,0,mar
E001646,ALBORNOS,CITY FRESKO,CAMIONETA,VALLEJO,2026-03-25,09:30,2,7370,0,0,7370,7370,0,mar
E001647,GONZALEZ,CHEDRAUI,TRAILER,ZUMPANGO,2026-03-25,08:00,1,12000,0,0,12000,12000,0,mar
E001648,ALBORNOS,OPERADORA FUTURAMA,CAMIONETA,IZTAPALAPA,2026-03-25,13:30,4,7370,0,2200,9570,7370,2200,mar
E001649,EA,WALMART,CAMIONETA,CUAUTITLAN,2026-03-25,15:00,5,7800,0,2800,10600,7800,2800,mar
E001650,EA,WALMART,CAMIONETA,STA BARBAR,2026-03-25,16:00,7,7370,0,2800,10170,7370,2800,mar
E001651,EA,WALMART,CAMIONETA,STA BARBAR,2026-03-25,15:00,6,7370,0,2800,10170,7370,2800,mar
E001653,EXPRESS,Julio Carreño,CAMIONETA,Celaya,2026-03-25,12:00,3,14000,0,2000,16000,14000,2000,mar
E001654,Albornos,WALMART,CAMIONETA,CHALCO,2026-03-25,14:00,7,7700,0,2800,10500,7700,2800,mar
E001655,Albornos,WALMART,CAMIONETA,STA BARBAR,2026-03-25,13:00,8,7700,0,2800,10500,7700,2800,mar
E001658,Albornos,MUESTRAS,CAMIONETA,OF MEX,2026-03-25,15:00,8,600,0,0,600,600,0,mar
E001659,Towel,Varios,Camioneta,Paqueteria,2026-03-26,13:00,1,1,0,0,0,1,0,mar
E001662,ALBORNOS,LIVERPOOL,CAMIONETA,JILOTEPEC,2026-03-26,13:00,3,10000,8000,0,18000,10000,8000,mar
E001664,ALBORNOS,CITY FRESKO,CAMIONETA,VALLEJO,2026-03-27,13:00,3,7370,0,0,7370,7370,0,mar
E001665,EXPRESS,Varios,Automovil,Paquetería,2026-03-25,16:30,4,600,0,0,600,600,0,mar
E001666,EA,MARISELA MOLINA,CAMIONETA,ORENDAIN,2026-03-28,09:00,1,7800,4000,3300,15100,7800,7300,mar
E001667,EA,PARISINA,CAMIONETA,TOLUCA,2026-03-27,12:00,2,10500,0,0,10500,10500,0,mar
E001668,Gonzalez,Soriana,TRAILER,QUERETARO,2026-03-28,12:00,1,17000,0,0,17000,17000,0,mar
E001669,ALBORNOS,SORIANA,CAMIONETA,TULTITLAN,2026-03-28,12:00,1,7700,0,2240,9940,7700,2240,mar
E001670,EA,WALMART,CAMIONETA,CUAUTITLAN,2026-03-28,12:00,1,7800,0,0,7800,7800,0,mar
E001671,Cliente recoge,Propios,cliente re,Local,2026-03-27,14:00,4,1,0,0,0,1,0,mar
E001674,ALBORNOS,GUADALUPE Salloum,TORTHON,CENTRO CDM,2026-03-27,20:00,4,8800,0,0,8800,8800,0,mar
E001678,GONZALEZ,COLCHAS MEXICO,TRAILER,CUAUTITLAN,2026-03-28,13:00,5,15000,0,0,15000,15000,0,mar
E001680,ALBORNOS,WALMART,TORTHON,CUAUTITLAN,2026-03-30,14:00,2,8800,0,0,8800,8800,0,mar
E001681,GONZALEZ,COLCHAS MEXICO,TRAILER,CUAUTITLAN,2026-03-30,17:00,4,15000,0,0,15000,15000,0,mar
E001682,EA,DSW,CAMIONETA,TULTITLAN,2026-03-30,12:00,1,7800,0,0,7800,7800,0,mar
E001683,GONZALEZ,DSW,TRAILER,TULTITLAN,2026-03-30,16:00,3,15000,0,0,15000,15000,0,mar
E001684,Gonzalez,JOSUE MORENO,TRAILER,JALISCO,2026-03-31,10:00,1,27000,0,1000,28000,27000,1000,mar
E001686,AlBORNOS,WALMART,TORTHON,CHALCO,2026-03-31,16:00,5,8800,0,3360,12160,8800,3360,mar
E001687,EA,WALMART,CAMIONETA,CUAUTITLAN,2026-03-31,17:00,6,7800,0,2800,10600,7800,2800,mar
E001688,GONZALEZ,CHEDRAUI,TRAILER,ZUMPANGO,2026-03-31,12:00,2,12000,0,0,12000,12000,0,mar
E001689,ALBORNOS,WALMART,CAMIONETA,CUAUTITLAN,2026-03-31,13:00,3,7700,0,2800,10500,7700,2800,mar
E001690,EA,SUBURBIA,CAMIONETA,JILOTEPEC,2026-03-31,15:00,4,10000,0,0,10000,10000,0,mar
E001697,Gonzalez,Soriana,TRAILER,QUERETARO,2026-04-01,16:00,4,17000,0,0,17000,17000,0,abr
E001698,ALBORNOS,SORIANA,CAMIONETA,TULTITLAN,2026-04-01,11:00,1,7700,0,0,7700,7700,0,abr
E001699,Albornos,WALMART,CAMIONETA,CHALCO,2026-04-01,12:00,2,7370,7370,5600,20340,7370,12970,abr
E001700,EA,WALMART,CAMIONETA,STA BARBAR,2026-04-01,15:00,3,7800,15200,8401,31401,7800,23601,abr
E001701,FEDEX,ALMODA,PAQUETERIA,JALISCO,2026-04-01,17:00,5,1,0,0,0,1,0,abr
E001702,FLETEXPRESS,HOTELERIA QROO,CONSOLIDAD,QUINTANARO,2026-03-28,15:00,5,56001,0,10400,66401,56001,10400,mar
E001704,EXPRESS,INNOVA,CAMIONETA,TEZIUTLAN,2026-04-02,10:00,1,17000,0,3000,20000,17000,3000,abr
E001705,EA,ALFREDO GALARZA HERNANDEZ,CAMIONETA,IXMIQUILPA,2026-03-30,15:00,3,10500,0,3300,13800,10500,3300,mar
E001706,ALBORNOS,JUGOMEX,CAMIONETA,EDOMEX,2026-04-02,14:00,2,7700,0,3300,11000,7700,3300,abr
E001708,EA,CASA LEY,TORTHON,CULIACAN,2026-04-03,09:30,1,57000,0,0,57000,57000,0,abr
E001710,GONZALEZ,CHEDRAUI,TRAILER,ZUMPANGO,2026-04-03,12:00,1,12000,0,0,12000,12000,0,abr
E001711,ALBORNOS,WALMART,TORTHON,CUAUTITLAN,2026-04-06,12:00,3,8800,0,3360,12160,8800,3360,abr
E001712,EA,SUBURBIA,CAMIONETA,JILOTEPEC,2026-04-06,08:00,1,10000,0,0,10000,10000,0,abr
E001713,Albornos,WALMART,CAMIONETA,CUAUTITLAN,2026-04-06,16:00,4,7370,0,2800,10170,7370,2800,abr
E001714,Albornos,WALMART,CAMIONETA,CUAUTITLAN,2026-04-06,09:00,2,7370,0,2800,10170,7370,2800,abr
E001717,ALBORNOS,WALMART,CAMIONETA,CHALCO,2026-04-07,15:00,3,7700,0,2800,10500,7700,2800,abr
E001718,EA,WALMART,CAMIONETA,CUAUTITLAN,2026-04-07,16:00,4,7800,0,2800,10600,7800,2800,abr
E001719,EA,SUBURBIA,CAMIONETA,JILOTEPEC,2026-04-07,08:00,1,10000,0,0,10000,10000,0,abr
E001720,ALBORNOS,GUADALUPE Salloum,CAMIONETA,CDMX,2026-04-07,12:00,2,7700,4500,7400,19600,7700,11900,abr
E001721,ALBORNOS,OPERADORA FUTURAMA,CAMIONETA,IZTAPALAPA,2026-04-08,13:00,3,7370,0,2200,9570,7370,2200,abr
E001722,EA,WALMART,CAMIONETA,STA BARBAR,2026-04-08,14:00,4,7400,0,2800,10200,7400,2800,abr
E001723,GONZALEZ,CHEDRAUI,TRAILER,ZUMPANGO,2026-04-08,08:00,1,12000,0,0,12000,12000,0,abr
E001724,Albornos,WALMART,CAMIONETA,CUAUTITLAN,2026-04-08,14:00,5,7370,0,2800,10170,7370,2800,abr
E001725,Albornos,WALMART,CAMIONETA,CUAUTITLAN,2026-04-08,17:00,6,7370,0,2800,10170,7370,2800,abr
E001726,EXPRESS,VARIOS,CAMIONETA,PUEBLA,2026-04-08,11:00,2,2000,0,1000,3000,2000,1000,abr
E001728,Cliente recoge,Propios,cliente re,Local,2026-04-09,11:00,1,1,0,0,0,1,0,abr
E001729,EA,PARISINA,CAMIONETA,TOLUCA,2026-04-10,12:00,2,10500,0,3300,13800,10500,3300,abr
E001730,EA,CITY FRESKO,CAMIONETA,VALLEJO,2026-04-10,10:00,1,7400,0,0,7400,7400,0,abr
E001732,GONZALEZ,HIGIENICA TEXTIL,TRAILER,NAUCALPAN,2026-04-10,16:00,3,15000,0,6600,21600,15000,6600,abr
E001733,ALBORNOS,SORIANA,TORTHON,QUERETARO,2026-04-11,13:00,2,15000,0,0,15000,15000,0,abr
E001734,ALBORNOS,SORIANA,CAMIONETA,TULTITLAN,2026-04-11,12:00,1,7700,0,2240,9940,7700,2240,abr
E001737,Cliente recoge,Propios,cliente re,Local,2026-04-11,14:00,3,1,0,0,0,1,0,abr
E001738,Albornos,SUBURBIA,TORTHON,JILOTEPEC,2026-04-13,16:00,3,13000,0,0,13000,13000,0,abr
E001739,EA,WALMART,CAMIONETA,CUAUTITLAN,2026-04-13,10:00,1,7800,0,2800,10600,7800,2800,abr
E001740,ALBORNOS,DSW,CAMIONETA,TULTITLAN,2026-04-13,17:00,5,7370,0,0,7370,7370,0,abr
E001742,AlBORNOS,SUBURBIA,CAMIONETA,JILOTEPEC,2026-04-13,16:30,4,8000,0,0,8000,8000,0,abr
E001743,PROPIOS,TOWELL,PROPIOS,TOWELL,2026-04-13,11:00,6,1,0,0,0,1,0,abr
E001744,EA,SALES DEL ISTMO / AL,CAMIONETA,PAJARITOS,2026-04-13,12:00,2,22000,0,0,22000,22000,0,abr
E001745,GONZALEZ,CHEDRAUI,TRAILER,ZUMPANGO,2026-04-13,19:00,7,12000,0,0,12000,12000,0,abr
E001746,GONZALEZ,CHEDRAUI,TRAILER,ZUMPANGO,2026-04-14,13:00,2,12000,0,0,12000,12000,0,abr
E001747,EA,SUBURBIA,CAMIONETA,JILOTEPEC,2026-04-14,08:00,1,10000,0,0,10000,10000,0,abr
E001748,EA,SORIANA,CAMIONETA,TULTITLAN,2026-04-14,16:00,3,7800,0,2240,10040,7800,2240,abr
E001749,EA,WALMART,CAMIONETA,CUAUTITLAN,2026-04-14,11:00,2,7400,0,2800,10200,7400,2800,abr
E001750,EA,WALMART,CAMIONETA,CUAUTITLAN,2026-04-14,16:00,4,7800,0,2800,10600,7800,2800,abr
E001751,ALBORNOS,WALMART,CAMIONETA,CHALCO,2026-04-14,16:00,5,7700,0,2800,10500,7700,2800,abr
E001752,ALBORNOS,WALMART,TORTHON,CUAUTITLAN,2026-04-14,17:00,7,8800,0,3360,12160,8800,3360,abr
E001753,Gonzalez,Soriana,TRAILER,QUERETARO,2026-04-14,19:00,8,17000,0,2500,19500,17000,2500,abr
E001754,EA,PARISINA,CAMIONETA,TOLUCA,2026-04-10,12:00,1,10500,0,3300,13800,10500,3300,abr
E001756,Albornos,WALMART,CAMIONETA,STA BARBAR,2026-04-15,15:00,2,7370,0,2800,10170,7370,2800,abr
E001757,Albornos,WALMART,CAMIONETA,CUAUTITLAN,2026-04-15,15:30,3,7370,0,2800,10170,7370,2800,abr
E001760,EA,MARISELA MOLINA,CAMIONETA,ORENDAIN,2026-04-15,17:00,5,7800,0,17000,24800,7800,17000,abr
E001761,Cliente recoge,Propios,cliente re,Local,2026-04-15,16:00,6,1,0,0,0,1,0,abr
E001762,Albornos,WALMART,CAMIONETA,STA BARBAR,2026-04-15,21:00,4,7370,0,2800,10170,7370,2800,abr
E001763,EA,LIVERPOOL,CAMIONETA,JILOTEPEC,2026-04-16,12:00,2,10000,0,0,10000,10000,0,abr
E001764,EA,SUBURBIA,CAMIONETA,JILOTEPEC,2026-04-16,16:00,3,10000,0,0,10000,10000,0,abr
E001765,PROPIOS,TOWELL,PROPIOS,TOWELL,2026-04-16,09:30,1,1,0,0,0,1,0,abr
E001766,AlBORNOS,LA PALESTINA,TORTHON,TOLUCA,2026-04-16,15:00,2,13200,0,4400,17600,13200,4400,abr
E001767,ALBORNOS,CITY FRESKO,CAMIONETA,VALLEJO,2026-04-17,10:00,1,7370,0,0,7370,7370,0,abr
E001768,GONZALEZ,DSW,TRAILER,TULTITLAN,2026-04-16,18:00,4,15000,0,0,15000,15000,0,abr
E001770,ALBORNOS,GUADALUPE Salloum,TORTHON,CENTRO CDM,2026-04-17,17:00,3,8800,0,5500,14300,8800,5500,abr
E001771,ALBORNOS,PARISINA,CAMIONETA,TOLUCA,2026-04-17,01:00,2,10500,0,3300,13800,10500,3300,abr
E001772,Albornos,SUBURBIA,TORTHON,JILOTEPEC,2026-04-18,14:00,1,13000,0,0,13000,13000,0,abr
E001773,GONZALEZ,SORIANA,TORTHON,QUERETARO,2026-04-18,15:00,3,15000,0,0,15000,15000,0,abr
E001774,ALBORNOS,SORIANA,CAMIONETA,TULTITLAN,2026-04-18,14:30,2,7700,0,1680,9380,7700,1680,abr
E001776,EXPRESS,VARIOS,CAMIONETA,PUEBLA,2026-04-20,13:00,1,2000,0,1000,3000,2000,1000,abr
E001779,GONZALEZ,WALMART,TRAILER,CUAUTITLAN,2026-04-21,16:00,4,15000,0,3920,18920,15000,3920,abr
E001780,GONZALEZ,CHEDRAUI,TRAILER,ZUMPANGO,2026-04-21,08:00,1,12000,0,0,12000,12000,0,abr
E001781,Albornos,WALMART,CAMIONETA,CUAUTITLAN,2026-04-21,10:00,2,7370,0,2800,10170,7370,2800,abr
E001782,AlBORNOS,WALMART,TORTHON,CHALCO,2026-04-21,14:00,4,8800,0,3360,12160,8800,3360,abr
E001783,ALBORNOS,WALMART,CAMIONETA,CUAUTITLAN,2026-04-21,18:30,6,7700,0,2800,10500,7700,2800,abr
E001784,ALBORNOS,WALMART,CAMIONETA,CUAUTITLAN,2026-04-21,19:00,7,7700,0,2800,10500,7700,2800,abr
E001786,EA,Julio Carreño,CAMIONETA,CELAYA,2026-04-21,14:00,3,24000,0,0,24000,24000,0,abr
E001787,Cliente recoge,Propios,cliente re,Local,2026-04-21,15:00,9,1,0,0,0,1,0,abr
E001788,FLETEXPRESS,HOTELERIA QROO,CONSOLIDAD,QUINTANARO,2026-04-21,20:00,7,105001,0,17900,122901,105001,17900,abr
E001791,Albornos,WALMART,CAMIONETA,STA BARBAR,2026-04-22,16:00,3,7370,0,2800,10170,7370,2800,abr
E001792,ALBORNOS,OPERADORA FUTURAMA,CAMIONETA,IZTAPALAPA,2026-04-22,16:30,4,7370,0,2200,9570,7370,2200,abr
E001793,EXPRESS,VARIOS,CAMIONETA,PUEBLA,2026-04-22,12:00,2,2000,0,1000,3000,2000,1000,abr
E001794,EA,WALMART,CAMIONETA,STA BARBAR,2026-04-22,15:00,3,7800,0,2800,10600,7800,2800,abr
E001795,EA,WALMART,CAMIONETA,CUAUTITLAN,2026-04-22,15:30,4,7800,0,2800,10600,7800,2800,abr
E001796,EXPRESS,INNOVA,CAMIONETA,TEZIUTLAN,2026-04-22,10:00,1,17000,0,3000,20000,17000,3000,abr
E001797,Paquetexpress,WALMART,PAQUETERIA,CHALCO,2026-04-22,16:00,1,966.76,0,4740,5706.76,966.76,4740,abr
E001798,Paquetexpress,WALMART,PAQUETERIA,STA BARBAR,2026-04-22,16:00,1,2979.87,0,3916.75,6896.62,2979.87,3916.75,abr
E001799,EA,CITY FRESKO,CAMIONETA,VALLEJO,2026-04-24,10:00,1,7400,0,0,7400,7400,0,abr
E001800,EA,PARISINA,CAMIONETA,TOLUCA,2026-04-24,16:00,4,10500,0,3300,13800,10500,3300,abr
E001801,AlBORNOS,CHEDRAUI,TORTHON,ZUMPANGO,2026-04-24,11:00,2,8800,0,0,8800,8800,0,abr
E001803,EA,SUBURBIA,CAMIONETA,JILOTEPEC,2026-04-25,16:00,7,10000,0,0,10000,10000,0,abr
E001804,GONZALEZ,SORIANA,TORTHON,QUERETARO,2026-04-25,16:00,8,15000,0,2500,17500,15000,2500,abr
E001807,EA,SORIANA,CAMIONETA,TULTITLAN,2026-04-25,15:00,3,7800,0,2240,10040,7800,2240,abr
E001808,GONZALEZ,CHEDRAUI,TRAILER,ZUMPANGO,2026-04-24,13:00,2,12000,0,0,12000,12000,0,abr
E001809,GONZALEZ,EDUARDO GONZALEZ  RE,TORTHON,AGUASCALIE,2026-04-25,16:00,4,27000,0,0,27000,27000,0,abr
E001812,EA,WALMART,CAMIONETA,CUAUTITLAN,2026-04-25,16:00,6,7400,0,2800,10200,7400,2800,abr
E001813,EA,WALMART,CAMIONETA,CUAUTITLAN,2026-04-25,15:00,5,7400,0,2800,10200,7400,2800,abr
E001814,EA,DSW,CAMIONETA,TULTITLAN,2026-04-27,16:00,2,7800,0,0,7800,7800,0,abr
E001815,GONZALEZ,HIGIENICA TEXTIL,TORTHON,NAUCALPAN,2026-04-27,10:00,1,9500,0,8800,18300,9500,8800,abr
E001818,EXPRESS,VARIOS,CAMIONETA,PUEBLA,2026-04-28,09:00,1,2000,0,1000,3000,2000,1000,abr
E001819,ALBORNOS,WALMART,TORTHON,CUAUTITLAN,2026-04-28,10:30,2,8800,0,3360,12160,8800,3360,abr
E001820,GONZALEZ,CHEDRAUI,TRAILER,ZUMPANGO,2026-04-28,12:00,3,12000,0,0,12000,12000,0,abr
E001821,EA,WALMART,CAMIONETA,CHALCO,2026-04-28,15:00,5,7800,0,2800,10600,7800,2800,abr
E001822,EA,WALMART,CAMIONETA,CUAUTITLAN,2026-04-28,16:00,6,7800,0,7280,15080,7800,7280,abr
E001825,Albornos,INDUSTRIAS 3000,TORTHON,PUEBLA,2026-04-28,11:00,2,5000,0,3000,8000,5000,3000,abr
E001826,ALBORNOS,GUADALUPE Salloum,TORTHON,CENTRO CDM,2026-04-29,13:00,1,9300,0,5500,14800,9300,5500,abr
E001828,ALBORNOS,HEB,CAMIONETA,CUAUTITLAN,2026-04-29,16:00,3,7370,0,2240,9610,7370,2240,abr
E001829,Albornos,WALMART,CAMIONETA,STA BARBAR,2026-04-29,16:00,4,7370,0,2800,10170,7370,2800,abr
E001830,EA,WALMART,CAMIONETA,CUAUTITLAN,2026-04-29,16:00,5,7800,0,2800,10600,7800,2800,abr
E001831,ALBORNOS,WALMART,CAMIONETA,STA BARBAR,2026-04-29,16:00,6,7700,0,2800,10500,7700,2800,abr
E001832,EA,WALMART,CAMIONETA,CUAUTITLAN,2026-04-28,16:00,5,7400,0,5600,13000,7400,5600,abr
E001833,PAQMEX,MERCO,PAQUETERIA,APODACA,2026-04-30,14:00,4,4353.28,0,0,4353.28,4353.28,0,abr
E001834,ALBORNOS,CASA LEY,CAMIONETA,CULIACAN,2026-04-30,12:00,3,60000,0,0,60000,60000,0,abr
E001835,EXPRESS,VARIOS,CAMIONETA,PUEBLA,2026-04-30,11:00,2,4000,0,1000,5000,4000,1000,abr
E001837,Towel,Varios,CAMIONETA,Paqueteria,2026-04-30,10:00,1,1,0,0,0,1,0,abr
E001838,EA,LIVERPOOL,CAMIONETA,JILOTEPEC,2026-04-29,17:00,5,10000,0,0,10000,10000,0,abr
E001841,ALBORNOS,ALFREDO GALARZA HERNANDEZ,TORTHON,IXMIQUILPA,2026-04-30,11:00,1,12000,0,4400,16400,12000,4400,abr
E001842,Albornos,SUBURBIA,TORTHON,JILOTEPEC,2026-04-30,11:00,2,13000,0,0,13000,13000,0,abr
E001843,ALBORNOS,SORIANA,CAMIONETA,QUERETARO,2026-04-30,09:00,1,12000,0,0,12000,12000,0,abr
E001844,ALBORNOS,DM GRUPO EXPORTADOR,CAMIONETA,TEPEPAN,2026-04-30,13:00,3,7370,0,0,7370,7370,0,abr
E001845,ALBORNOS,DSW,CAMIONETA,TULTITLAN,2026-04-30,12:00,1,7370,0,0,7370,7370,0,abr
E001846,FEDEX,ALMODA,PAQUETERIA,JALISCO,2026-04-30,16:00,7,1,0,0,0,1,0,abr
E001847,EA,WALMART,CAMIONETA,CHALCO,2026-04-30,16:00,6,7800,0,2800,10600,7800,2800,abr
E001853,Gonzalez,JOSUE MORENO,TRAILER,JALISCO,2026-04-30,16:00,2,27000,0,0,27000,27000,0,abr
E001854,FLETEXPRESS,HOTELERIA QROO,CONSOLIDAD,QUINTANARO,2026-04-30,16:00,1,71401,0,14800,86201,71401,14800,abr
E001863,GONZALEZ,COLCHAS MEXICO,TRAILER,CUAUTITLAN,2026-04-30,16:00,1,15000,0,5500,20500,15000,5500,abr
E001870,EXPRESS,VARIOS,CAMIONETA,PUEBLA,2026-04-30,10:00,1,2000,0,2000,4000,2000,2000,abr
E001871,EA,MARISELA MOLINA,CAMIONETA,ORENDAIN,2026-04-30,14:00,2,7800,0,3000,10800,7800,3000,abr
E001878,ALBORNOS,EXPO Puerto Vallarta,TORTHON,PUERTO VAL,2026-03-13,09:00,1,60000,0,5000,65000,60000,5000,mar
E001906,GONZALEZ,Castelog,Trailer,Bajio,2026-01-22,17:00,2,27200,5500,0,32700,27200,5500,ene
